Time,Voltage,S,Current,S_in
0,0.0,1.0,1.510000000000001e-07,1.0
1,0.0,1.0,1.510000000000001e-07,1.0
2,0.0,1.0,1.510000000000001e-07,1.0
3,0.0,1.0,1.510000000000001e-07,1.0
4,0.0,1.0,1.510000000000001e-07,1.0
5,0.0,1.0,1.510000000000001e-07,1.0
6,0.0,1.0,1.510000000000001e-07,1.0
7,0.0,1.0,1.510000000000001e-07,1.0
8,0.0,1.0,1.510000000000001e-07,1.0
9,0.0,1.0,1.510000000000001e-07,1.0
10,0.0,1.0,1.510000000000001e-07,1.0
11,0.0,1.0,1.510000000000001e-07,1.0
12,0.0,1.0,1.510000000000001e-07,1.0
13,0.0,1.0,1.510000000000001e-07,1.0
14,0.0,1.0,1.510000000000001e-07,1.0
15,0.0,1.0,1.510000000000001e-07,1.0
16,0.0,1.0,1.510000000000001e-07,1.0
17,0.0,1.0,1.510000000000001e-07,1.0
18,0.0,1.0,1.510000000000001e-07,1.0
19,0.0,1.0,1.510000000000001e-07,1.0
20,0.0,1.0,1.510000000000001e-07,1.0
21,0.0,1.0,1.510000000000001e-07,1.0
22,0.0,1.0,1.510000000000001e-07,1.0
23,0.0,1.0,1.510000000000001e-07,1.0
24,0.0,1.0,1.510000000000001e-07,1.0
25,0.025000000000000112,1.0,1.2300000000000003e-06,1.0
26,0.049999999999999926,1.0,2.4817000000000007e-06,1.0
27,0.07500000000000004,1.0,3.7588000000000016e-06,1.0
28,0.09999999999999984,1.0,5.088300000000006e-06,1.0
29,0.12499999999999994,1.0,6.473800000000002e-06,1.0
30,0.15000000000000008,1.0,7.917500000000003e-06,1.0
31,0.17499999999999988,1.0,9.30830000000001e-06,1.0
32,0.2,1.0,1.0867000000000003e-05,1.0
33,0.2250000000000001,1.0,1.2338000000000005e-05,1.0
34,0.2499999999999999,1.0,1.3775000000000006e-05,1.0
35,0.275,1.0,1.5642000000000007e-05,1.0
36,0.30000000000000016,1.0,1.735000000000001e-05,1.0
37,0.325,1.0,1.9382999999999987e-05,1.0
38,0.3500000000000001,1.0,2.5024999999999968e-05,1.0
39,0.3749999999999999,1.0,2.5336999999999985e-05,1.0
40,0.4,1.0,2.9699999999999993e-05,1.0
41,0.4250000000000001,1.0,3.280000000000001e-05,1.0
42,0.4499999999999999,1.0,3.512499999999998e-05,1.0
43,0.475,1.0,3.7720999999999966e-05,1.0
44,0.4999999999999998,1.0,4.019999999999998e-05,1.0
45,0.5249999999999999,1.0,4.479999999999996e-05,1.0
46,0.55,1.0,5.145000000000005e-05,1.0
47,0.5749999999999998,1.0,3.1491999999999976e-05,1.0
48,0.6,1.0,2.9699999999999993e-05,1.0
49,0.6249999999999998,1.0,3.061699999999997e-05,1.0
50,0.6499999999999999,1.0,3.350000000000003e-05,1.0
51,0.675,1.0,3.5974999999999994e-05,1.0
52,0.7000000000000002,1.0,0.00014691999999999998,1.0
53,0.725,1.0,0.0007063700000000003,1.0
54,0.7500000000000001,1.0,0.0007782500000000003,1.0
55,0.7749999999999999,1.0,0.0008492499999999999,1.0
56,0.8,1.0,0.0009199999999999996,1.0
57,0.8250000000000001,0.0,0.001,1.0
58,0.85,0.0,0.001,0.0
59,0.875,0.0,0.001,0.0
60,0.8999999999999998,0.0,0.001,0.0
61,0.925,0.0,0.001,0.0
62,0.95,0.0,0.001,0.0
63,0.9750000000000002,0.0,0.001,0.0
64,1.0,0.0,0.001,0.0
65,1.025,0.0,0.001,0.0
66,1.0499999999999998,0.0,0.001,0.0
67,1.075,0.0,0.001,0.0
68,1.1,0.0,0.001,0.0
69,1.125,0.0,0.001,0.0
70,1.1499999999999997,0.0,0.001,0.0
71,1.1749999999999998,0.0,0.001,0.0
72,1.2,0.0,0.001,0.0
73,1.2,0.0,0.001,0.0
74,1.2,0.0,0.001,0.0
75,1.2,0.0,0.001,0.0
76,1.2,0.0,0.001,0.0
77,1.2,0.0,0.001,0.0
78,1.2,0.0,0.001,0.0
79,1.2,0.0,0.001,0.0
80,1.2,0.0,0.001,0.0
81,1.2,0.0,0.001,0.0
82,1.2,0.0,0.001,0.0
83,1.2,0.0,0.001,0.0
84,1.2,0.0,0.001,0.0
85,1.2,0.0,0.001,0.0
86,1.2,0.0,0.001,0.0
87,1.2,0.0,0.001,0.0
88,1.2,0.0,0.001,0.0
89,1.2,0.0,0.001,0.0
90,1.2,0.0,0.001,0.0
91,1.2,0.0,0.001,0.0
92,1.2,0.0,0.001,0.0
93,1.2,0.0,0.001,0.0
94,1.2,0.0,0.001,0.0
95,1.2,0.0,0.001,0.0
96,1.2,0.0,0.001,0.0
97,1.2,0.0,0.001,0.0
98,1.1749999999999998,0.0,0.001,0.0
99,1.1499999999999997,0.0,0.001,0.0
100,1.125,0.0,0.001,0.0
101,1.1,0.0,0.001,0.0
102,1.075,0.0,0.001,0.0
103,1.0499999999999998,0.0,0.001,0.0
104,1.025,0.0,0.001,0.0
105,1.0,0.0,0.001,0.0
106,0.9750000000000002,0.0,0.001,0.0
107,0.95,0.0,0.001,0.0
108,0.925,0.0,0.001,0.0
109,0.8999999999999998,0.0,0.001,0.0
110,0.875,0.0,0.001,0.0
111,0.85,0.0,0.001,0.0
112,0.8250000000000001,0.0,0.001,0.0
113,0.8,0.0,0.001,0.0
114,0.7749999999999999,0.0,0.00098583,0.0
115,0.7500000000000001,0.0,0.0009552500000000002,0.0
116,0.725,0.0,0.0009224600000000004,0.0
117,0.7000000000000002,0.0,0.0008876699999999998,0.0
118,0.675,0.0,0.00085312,0.0
119,0.6499999999999999,0.0,0.0008215000000000001,0.0
120,0.6249999999999998,0.0,0.0007873699999999999,0.0
121,0.6,0.0,0.0007539999999999996,0.0
122,0.5749999999999998,0.0,0.0007196699999999999,0.0
123,0.55,0.0,0.0006864199999999998,0.0
124,0.5249999999999999,0.0,0.0006541200000000003,0.0
125,0.4999999999999998,0.0,0.0006216700000000001,0.0
126,0.475,0.0,0.0005887499999999998,0.0
127,0.4499999999999999,0.0,0.000557,0.0
128,0.4250000000000001,0.0,0.0005242500000000002,0.0
129,0.4,0.0,0.0004926700000000002,0.0
130,0.3749999999999999,0.0,0.00046038,0.0
131,0.3500000000000001,0.0,0.00042849999999999984,0.0
132,0.325,0.0,0.0003972499999999998,0.0
133,0.30000000000000016,0.0,0.00036599999999999984,0.0
134,0.275,0.0,0.0003347499999999999,0.0
135,0.2499999999999999,0.0,0.00030349999999999984,0.0
136,0.2250000000000001,0.0,0.0002728799999999999,0.0
137,0.2,0.0,0.0002419999999999999,0.0
138,0.17499999999999988,0.0,0.00021146000000000007,0.0
139,0.15000000000000008,0.0,0.00018050000000000008,0.0
140,0.12499999999999994,0.0,0.00015003999999999994,0.0
141,0.09999999999999984,0.0,0.00011982999999999997,0.0
142,0.07500000000000004,0.0,8.997499999999991e-05,0.0
143,0.049999999999999926,0.0,6.000000000000002e-05,0.0
144,0.025000000000000112,0.0,3.000000000000001e-05,0.0
145,0.0,0.0,8.989999999999998e-08,0.0
146,0.0,0.0,8.989999999999998e-08,0.0
147,0.0,0.0,8.989999999999998e-08,0.0
148,0.0,0.0,8.989999999999998e-08,0.0
149,0.0,0.0,8.989999999999998e-08,0.0
150,0.0,0.0,8.989999999999998e-08,0.0
151,0.0,0.0,8.989999999999998e-08,0.0
152,0.0,0.0,8.989999999999998e-08,0.0
153,0.0,0.0,8.989999999999998e-08,0.0
154,0.0,0.0,8.989999999999998e-08,0.0
155,0.0,0.0,8.989999999999998e-08,0.0
156,0.0,0.0,8.989999999999998e-08,0.0
157,0.0,0.0,8.989999999999998e-08,0.0
158,0.0,0.0,8.989999999999998e-08,0.0
159,0.0,0.0,8.989999999999998e-08,0.0
160,0.0,0.0,8.989999999999998e-08,0.0
161,0.0,0.0,8.989999999999998e-08,0.0
162,0.0,0.0,8.989999999999998e-08,0.0
163,0.0,0.0,8.989999999999998e-08,0.0
164,0.0,0.0,8.989999999999998e-08,0.0
165,0.0,0.0,8.989999999999998e-08,0.0
166,0.0,0.0,8.989999999999998e-08,0.0
167,0.0,0.0,8.989999999999998e-08,0.0
168,0.0,0.0,8.989999999999998e-08,0.0
169,0.0,0.0,8.989999999999998e-08,0.0
170,0.0,0.0,8.989999999999998e-08,0.0
171,0.025000000000000112,0.0,3.000000000000001e-05,0.0
172,0.049999999999999926,0.0,6.000000000000002e-05,0.0
173,0.07500000000000004,0.0,8.997499999999991e-05,0.0
174,0.09999999999999984,0.0,0.00011982999999999997,0.0
175,0.12499999999999994,0.0,0.00015003999999999994,0.0
176,0.15000000000000008,0.0,0.00018050000000000008,0.0
177,0.17499999999999988,0.0,0.00021146000000000007,0.0
178,0.2,0.0,0.0002419999999999999,0.0
179,0.2250000000000001,0.0,0.0002728799999999999,0.0
180,0.2499999999999999,0.0,0.00030349999999999984,0.0
181,0.275,0.0,0.0003347499999999999,0.0
182,0.30000000000000016,0.0,0.00036599999999999984,0.0
183,0.325,0.0,0.0003972499999999998,0.0
184,0.3500000000000001,0.0,0.00042849999999999984,0.0
185,0.3749999999999999,0.0,0.00046038,0.0
186,0.4,0.0,0.0004926700000000002,0.0
187,0.4250000000000001,0.0,0.0005242500000000002,0.0
188,0.4499999999999999,0.0,0.000557,0.0
189,0.475,0.0,0.0005887499999999998,0.0
190,0.4999999999999998,0.0,0.0006216700000000001,0.0
191,0.5249999999999999,0.0,0.0006541200000000003,0.0
192,0.55,0.0,0.0006864199999999998,0.0
193,0.5749999999999998,0.0,0.0007196699999999999,0.0
194,0.6,0.0,0.0007539999999999996,0.0
195,0.6249999999999998,0.0,0.0007873699999999999,0.0
196,0.6499999999999999,0.0,0.0008215000000000001,0.0
197,0.675,0.0,0.00085312,0.0
198,0.7000000000000002,0.0,0.0008876699999999998,0.0
199,0.725,0.0,0.0009224600000000004,0.0
200,0.7500000000000001,0.0,0.0009552500000000002,0.0
201,0.7749999999999999,0.0,0.00098583,0.0
202,0.8,0.0,0.001,0.0
203,0.8250000000000001,0.0,0.001,0.0
204,0.85,0.0,0.001,0.0
205,0.875,0.0,0.001,0.0
206,0.8999999999999998,0.0,0.001,0.0
207,0.925,0.0,0.001,0.0
208,0.95,0.0,0.001,0.0
209,0.9750000000000002,0.0,0.001,0.0
210,1.0,0.0,0.001,0.0
211,1.025,0.0,0.001,0.0
212,1.0499999999999998,0.0,0.001,0.0
213,1.075,0.0,0.001,0.0
214,1.1,0.0,0.001,0.0
215,1.125,0.0,0.001,0.0
216,1.1499999999999997,0.0,0.001,0.0
217,1.1749999999999998,0.0,0.001,0.0
218,1.2,0.0,0.001,0.0
219,1.2,0.0,0.001,0.0
220,1.2,0.0,0.001,0.0
221,1.2,0.0,0.001,0.0
222,1.2,0.0,0.001,0.0
223,1.2,0.0,0.001,0.0
224,1.2,0.0,0.001,0.0
225,1.2,0.0,0.001,0.0
226,1.2,0.0,0.001,0.0
227,1.2,0.0,0.001,0.0
228,1.2,0.0,0.001,0.0
229,1.2,0.0,0.001,0.0
230,1.2,0.0,0.001,0.0
231,1.2,0.0,0.001,0.0
232,1.2,0.0,0.001,0.0
233,1.2,0.0,0.001,0.0
234,1.2,0.0,0.001,0.0
235,1.2,0.0,0.001,0.0
236,1.2,0.0,0.001,0.0
237,1.2,0.0,0.001,0.0
238,1.2,0.0,0.001,0.0
239,1.2,0.0,0.001,0.0
240,1.2,0.0,0.001,0.0
241,1.2,0.0,0.001,0.0
242,1.2,0.0,0.001,0.0
243,1.2,0.0,0.001,0.0
244,1.1749999999999998,0.0,0.001,0.0
245,1.1499999999999997,0.0,0.001,0.0
246,1.125,0.0,0.001,0.0
247,1.1,0.0,0.001,0.0
248,1.075,0.0,0.001,0.0
249,1.0499999999999998,0.0,0.001,0.0
250,1.025,0.0,0.001,0.0
251,1.0,0.0,0.001,0.0
252,0.9750000000000002,0.0,0.001,0.0
253,0.95,0.0,0.001,0.0
254,0.925,0.0,0.001,0.0
255,0.8999999999999998,0.0,0.001,0.0
256,0.875,0.0,0.001,0.0
257,0.85,0.0,0.001,0.0
258,0.8250000000000001,0.0,0.001,0.0
259,0.8,0.0,0.001,0.0
260,0.7749999999999999,0.0,0.00098583,0.0
261,0.7500000000000001,0.0,0.0009552500000000002,0.0
262,0.725,0.0,0.0009224600000000004,0.0
263,0.7000000000000002,0.0,0.0008876699999999998,0.0
264,0.675,0.0,0.00085312,0.0
265,0.6499999999999999,0.0,0.0008215000000000001,0.0
266,0.6249999999999998,0.0,0.0007873699999999999,0.0
267,0.6,0.0,0.0007539999999999996,0.0
268,0.5749999999999998,0.0,0.0007196699999999999,0.0
269,0.55,0.0,0.0006864199999999998,0.0
270,0.5249999999999999,0.0,0.0006541200000000003,0.0
271,0.4999999999999998,0.0,0.0006216700000000001,0.0
272,0.475,0.0,0.0005887499999999998,0.0
273,0.4499999999999999,0.0,0.000557,0.0
274,0.4250000000000001,0.0,0.0005242500000000002,0.0
275,0.4,0.0,0.0004926700000000002,0.0
276,0.3749999999999999,0.0,0.00046038,0.0
277,0.3500000000000001,0.0,0.00042849999999999984,0.0
278,0.325,0.0,0.0003972499999999998,0.0
279,0.30000000000000016,0.0,0.00036599999999999984,0.0
280,0.275,0.0,0.0003347499999999999,0.0
281,0.2499999999999999,0.0,0.00030349999999999984,0.0
282,0.2250000000000001,0.0,0.0002728799999999999,0.0
283,0.2,0.0,0.0002419999999999999,0.0
284,0.17499999999999988,0.0,0.00021146000000000007,0.0
285,0.15000000000000008,0.0,0.00018050000000000008,0.0
286,0.12499999999999994,0.0,0.00015003999999999994,0.0
287,0.09999999999999984,0.0,0.00011982999999999997,0.0
288,0.07500000000000004,0.0,8.997499999999991e-05,0.0
289,0.049999999999999926,0.0,6.000000000000002e-05,0.0
290,0.025000000000000112,0.0,3.000000000000001e-05,0.0
291,0.0,0.0,8.989999999999998e-08,0.0
292,0.0,0.0,8.989999999999998e-08,0.0
293,0.0,0.0,8.989999999999998e-08,0.0
294,0.0,0.0,8.989999999999998e-08,0.0
295,0.0,0.0,8.989999999999998e-08,0.0
296,0.0,0.0,8.989999999999998e-08,0.0
297,0.0,0.0,8.989999999999998e-08,0.0
298,0.0,0.0,8.989999999999998e-08,0.0
299,0.0,0.0,8.989999999999998e-08,0.0
300,0.0,0.0,8.989999999999998e-08,0.0
301,0.0,0.0,8.989999999999998e-08,0.0
302,0.0,0.0,8.989999999999998e-08,0.0
303,0.0,0.0,8.989999999999998e-08,0.0
304,0.0,0.0,8.989999999999998e-08,0.0
305,0.0,0.0,8.989999999999998e-08,0.0
306,0.0,0.0,8.989999999999998e-08,0.0
307,0.0,0.0,8.989999999999998e-08,0.0
308,0.0,0.0,8.989999999999998e-08,0.0
309,0.0,0.0,8.989999999999998e-08,0.0
310,0.0,0.0,8.989999999999998e-08,0.0
311,0.0,0.0,8.989999999999998e-08,0.0
312,0.0,0.0,8.989999999999998e-08,0.0
313,0.0,0.0,8.989999999999998e-08,0.0
314,0.0,0.0,8.989999999999998e-08,0.0
315,0.0,0.0,8.989999999999998e-08,0.0
316,0.0,0.0,8.989999999999998e-08,0.0
317,0.025000000000000112,0.0,3.000000000000001e-05,0.0
318,0.049999999999999926,0.0,6.000000000000002e-05,0.0
319,0.07500000000000004,0.0,8.997499999999991e-05,0.0
320,0.09999999999999984,0.0,0.00011982999999999997,0.0
321,0.12499999999999994,0.0,0.00015003999999999994,0.0
322,0.15000000000000008,0.0,0.00018050000000000008,0.0
323,0.17499999999999988,0.0,0.00021146000000000007,0.0
324,0.2,0.0,0.0002419999999999999,0.0
325,0.2250000000000001,0.0,0.0002728799999999999,0.0
326,0.2499999999999999,0.0,0.00030349999999999984,0.0
327,0.275,0.0,0.0003347499999999999,0.0
328,0.30000000000000016,0.0,0.00036599999999999984,0.0
329,0.325,0.0,0.0003972499999999998,0.0
330,0.3500000000000001,0.0,0.00042849999999999984,0.0
331,0.3749999999999999,0.0,0.00046038,0.0
332,0.4,0.0,0.0004926700000000002,0.0
333,0.4250000000000001,0.0,0.0005242500000000002,0.0
334,0.4499999999999999,0.0,0.000557,0.0
335,0.475,0.0,0.0005887499999999998,0.0
336,0.4999999999999998,0.0,0.0006216700000000001,0.0
337,0.4999999999999998,0.0,0.0006216700000000001,0.0
338,0.4999999999999998,0.0,0.0006216700000000001,0.0
339,0.4999999999999998,0.0,0.0006216700000000001,0.0
340,0.4999999999999998,0.0,0.0006216700000000001,0.0
341,0.4999999999999998,0.0,0.0006216700000000001,0.0
342,0.4999999999999998,0.0,0.0006216700000000001,0.0
343,0.4999999999999998,0.0,0.0006216700000000001,0.0
344,0.4999999999999998,0.0,0.0006216700000000001,0.0
345,0.4999999999999998,0.0,0.0006216700000000001,0.0
346,0.4999999999999998,0.0,0.0006216700000000001,0.0
347,0.4999999999999998,0.0,0.0006216700000000001,0.0
348,0.4999999999999998,0.0,0.0006216700000000001,0.0
349,0.4999999999999998,0.0,0.0006216700000000001,0.0
350,0.4999999999999998,0.0,0.0006216700000000001,0.0
351,0.4999999999999998,0.0,0.0006216700000000001,0.0
352,0.4999999999999998,0.0,0.0006216700000000001,0.0
353,0.4999999999999998,0.0,0.0006216700000000001,0.0
354,0.4999999999999998,0.0,0.0006216700000000001,0.0
355,0.4999999999999998,0.0,0.0006216700000000001,0.0
356,0.4999999999999998,0.0,0.0006216700000000001,0.0
357,0.4999999999999998,0.0,0.0006216700000000001,0.0
358,0.4999999999999998,0.0,0.0006216700000000001,0.0
359,0.4999999999999998,0.0,0.0006216700000000001,0.0
360,0.4999999999999998,0.0,0.0006216700000000001,0.0
361,0.4999999999999998,0.0,0.0006216700000000001,0.0
362,0.475,0.0,0.0005887499999999998,0.0
363,0.4499999999999999,0.0,0.000557,0.0
364,0.4250000000000001,0.0,0.0005242500000000002,0.0
365,0.4,0.0,0.0004926700000000002,0.0
366,0.3749999999999999,0.0,0.00046038,0.0
367,0.3500000000000001,0.0,0.00042849999999999984,0.0
368,0.325,0.0,0.0003972499999999998,0.0
369,0.30000000000000016,0.0,0.00036599999999999984,0.0
370,0.275,0.0,0.0003347499999999999,0.0
371,0.2499999999999999,0.0,0.00030349999999999984,0.0
372,0.2250000000000001,0.0,0.0002728799999999999,0.0
373,0.2,0.0,0.0002419999999999999,0.0
374,0.17499999999999988,0.0,0.00021146000000000007,0.0
375,0.15000000000000008,0.0,0.00018050000000000008,0.0
376,0.12499999999999994,0.0,0.00015003999999999994,0.0
377,0.09999999999999984,0.0,0.00011982999999999997,0.0
378,0.07500000000000004,0.0,8.997499999999991e-05,0.0
379,0.049999999999999926,0.0,6.000000000000002e-05,0.0
380,0.025000000000000112,0.0,3.000000000000001e-05,0.0
381,0.0,0.0,8.989999999999998e-08,0.0
382,0.0,0.0,8.989999999999998e-08,0.0
383,0.0,0.0,8.989999999999998e-08,0.0
384,0.0,0.0,8.989999999999998e-08,0.0
385,0.0,0.0,8.989999999999998e-08,0.0
386,0.0,0.0,8.989999999999998e-08,0.0
387,0.0,0.0,8.989999999999998e-08,0.0
388,0.0,0.0,8.989999999999998e-08,0.0
389,0.0,0.0,8.989999999999998e-08,0.0
390,0.0,0.0,8.989999999999998e-08,0.0
391,0.0,0.0,8.989999999999998e-08,0.0
392,0.0,0.0,8.989999999999998e-08,0.0
393,0.0,0.0,8.989999999999998e-08,0.0
394,0.0,0.0,8.989999999999998e-08,0.0
395,0.0,0.0,8.989999999999998e-08,0.0
396,0.0,0.0,8.989999999999998e-08,0.0
397,0.0,0.0,8.989999999999998e-08,0.0
398,0.0,0.0,8.989999999999998e-08,0.0
399,0.0,0.0,8.989999999999998e-08,0.0
400,0.0,0.0,8.989999999999998e-08,0.0
401,0.0,0.0,8.989999999999998e-08,0.0
402,0.0,0.0,8.989999999999998e-08,0.0
403,0.0,0.0,8.989999999999998e-08,0.0
404,0.0,0.0,8.989999999999998e-08,0.0
405,0.0,0.0,8.989999999999998e-08,0.0
406,0.0,0.0,8.989999999999998e-08,0.0
407,-0.025000000000000112,0.0,-2.8735e-05,0.0
408,-0.049999999999999926,0.0,-5.743299999999998e-05,0.0
409,-0.07500000000000004,0.0,-8.594999999999999e-05,0.0
410,-0.09999999999999984,0.0,-0.00011432999999999997,0.0
411,-0.12499999999999994,0.0,-0.00014283,0.0
412,-0.15000000000000008,0.0,-0.0001720000000000001,0.0
413,-0.17500000000000004,0.0,-0.00020117000000000005,0.0
414,-0.2,0.0,-0.0002303300000000001,0.0
415,-0.22499999999999995,0.0,-0.0002595000000000001,0.0
416,-0.2499999999999999,0.0,-0.00028867,0.0
417,-0.275,0.0,-0.0003178300000000001,0.0
418,-0.3,0.0,-0.0003469999999999999,0.0
419,-0.325,0.0,-0.0003761700000000001,0.0
420,-0.3500000000000001,0.0,-0.00040600000000000017,0.0
421,-0.3750000000000001,0.0,-0.0004355000000000001,0.0
422,-0.4,0.0,-0.0004650000000000001,0.0
423,-0.425,0.0,-0.0004948299999999999,0.0
424,-0.4499999999999999,0.0,-0.0005239999999999998,0.0
425,-0.475,0.0,-0.00055483,0.0
426,-0.5,0.0,-0.000585,0.0
427,-0.5249999999999999,0.0,-0.0006144999999999996,0.0
428,-0.55,0.0,-0.0006443299999999999,0.0
429,-0.5749999999999998,0.0,-0.0006749999999999999,0.0
430,-0.6,0.0,-0.0007050000000000003,0.0
431,-0.625,0.0,-0.0007358300000000001,0.0
432,-0.6499999999999999,0.0,-0.0007666699999999997,0.0
433,-0.675,0.0,-0.0007959999999999997,0.0
434,-0.7,0.0,-0.0008246700000000003,0.0
435,-0.725,0.0,-0.0008529999999999996,0.0
436,-0.7500000000000001,0.0,-0.000878,0.0
437,-0.775,0.0,-0.0008955,0.0
438,-0.8,0.0,-0.0009050000000000001,0.0
439,-0.825,0.0,-0.0008975000000000002,0.0
440,-0.85,0.0,-0.0008600000000000003,0.0
441,-0.875,0.0,-0.0008058299999999996,0.0
442,-0.9,0.0,-0.0008050000000000004,0.0
443,-0.9250000000000002,0.0,-0.0007525000000000001,0.0
444,-0.95,0.0,-0.0007039999999999997,0.0
445,-0.975,0.0,-0.0006190000000000003,0.0
446,-1.0,0.0,-0.00052367,0.0
447,-1.025,0.0,-0.0004626699999999998,0.0
448,-1.05,0.0,-0.0004509999999999999,0.0
449,-1.075,0.0,-0.0004326700000000002,0.0
450,-1.1,0.0,-0.00025299999999999997,0.0
451,-1.125,0.0,-0.00014400000000000006,0.0
452,-1.15,0.0,-0.00012366999999999996,0.0
453,-1.175,0.0,-0.00012417000000000005,0.0
454,-1.2,0.0,-0.00011999999999999995,0.0
455,-1.225,1.0,-0.00011899999999999995,0.0
456,-1.25,1.0,-0.00012533000000000002,1.0
457,-1.275,1.0,-0.0001325,1.0
458,-1.3,1.0,-0.00013767000000000006,1.0
459,-1.325,1.0,-0.00014000000000000004,1.0
460,-1.35,1.0,-0.00014499999999999995,1.0
461,-1.3749999999999998,1.0,-0.00014583,1.0
462,-1.4,1.0,-0.000154,1.0
463,-1.425,1.0,-0.00015649999999999993,1.0
464,-1.45,1.0,-0.00015667000000000008,1.0
465,-1.475,1.0,-0.00016550000000000004,1.0
466,-1.5000000000000002,1.0,-0.00019300000000000008,1.0
467,-1.5000000000000002,1.0,-0.00019300000000000008,1.0
468,-1.5000000000000002,1.0,-0.00019300000000000008,1.0
469,-1.5000000000000002,1.0,-0.00019300000000000008,1.0
470,-1.5000000000000002,1.0,-0.00019300000000000008,1.0
471,-1.5000000000000002,1.0,-0.00019300000000000008,1.0
472,-1.5000000000000002,1.0,-0.00019300000000000008,1.0
473,-1.5000000000000002,1.0,-0.00019300000000000008,1.0
474,-1.5000000000000002,1.0,-0.00019300000000000008,1.0
475,-1.5000000000000002,1.0,-0.00019300000000000008,1.0
476,-1.5000000000000002,1.0,-0.00019300000000000008,1.0
477,-1.5000000000000002,1.0,-0.00019300000000000008,1.0
478,-1.5000000000000002,1.0,-0.00019300000000000008,1.0
479,-1.5000000000000002,1.0,-0.00019300000000000008,1.0
480,-1.5000000000000002,1.0,-0.00019300000000000008,1.0
481,-1.5000000000000002,1.0,-0.00019300000000000008,1.0
482,-1.5000000000000002,1.0,-0.00019300000000000008,1.0
483,-1.5000000000000002,1.0,-0.00019300000000000008,1.0
484,-1.5000000000000002,1.0,-0.00019300000000000008,1.0
485,-1.5000000000000002,1.0,-0.00019300000000000008,1.0
486,-1.5000000000000002,1.0,-0.00019300000000000008,1.0
487,-1.5000000000000002,1.0,-0.00019300000000000008,1.0
488,-1.5000000000000002,1.0,-0.00019300000000000008,1.0
489,-1.5000000000000002,1.0,-0.00019300000000000008,1.0
490,-1.5000000000000002,1.0,-0.00019300000000000008,1.0
491,-1.5000000000000002,1.0,-0.00019300000000000008,1.0
492,-1.475,1.0,-0.00016550000000000004,1.0
493,-1.45,1.0,-0.00015667000000000008,1.0
494,-1.425,1.0,-0.00015649999999999993,1.0
495,-1.4,1.0,-0.000154,1.0
496,-1.3749999999999998,1.0,-0.00014583,1.0
497,-1.35,1.0,-0.00014499999999999995,1.0
498,-1.325,1.0,-0.00014000000000000004,1.0
499,-1.3,1.0,-0.00013767000000000006,1.0
500,-1.275,1.0,-0.0001325,1.0
501,-1.25,1.0,-0.00012533000000000002,1.0
502,-1.225,1.0,-0.00011899999999999995,1.0
503,-1.2,1.0,-0.00011400000000000005,1.0
504,-1.175,1.0,-0.00011066999999999998,1.0
505,-1.15,1.0,-0.00010667000000000003,1.0
506,-1.125,1.0,-0.00010215000000000003,1.0
507,-1.1,1.0,-9.779999999999991e-05,1.0
508,-1.075,1.0,-9.41e-05,1.0
509,-1.05,1.0,-9.059999999999991e-05,1.0
510,-1.025,1.0,-8.718299999999991e-05,1.0
511,-1.0,1.0,-8.450000000000006e-05,1.0
512,-0.975,1.0,-8.140000000000007e-05,1.0
513,-0.95,1.0,-7.883300000000002e-05,1.0
514,-0.9250000000000002,1.0,-7.724999999999998e-05,1.0
515,-0.9,1.0,-7.400000000000001e-05,1.0
516,-0.875,1.0,-7.108300000000005e-05,1.0
517,-0.85,1.0,-6.750000000000006e-05,1.0
518,-0.825,1.0,-6.564999999999997e-05,1.0
519,-0.8,1.0,-6.356699999999997e-05,1.0
520,-0.775,1.0,-6.019999999999997e-05,1.0
521,-0.7500000000000001,1.0,-6.0699999999999985e-05,1.0
522,-0.725,1.0,-5.7949999999999986e-05,1.0
523,-0.7,1.0,-5.486699999999999e-05,1.0
524,-0.675,1.0,-5.334999999999997e-05,1.0
525,-0.6499999999999999,1.0,-5.226700000000005e-05,1.0
526,-0.625,1.0,-5.0232999999999985e-05,1.0
527,-0.6,1.0,-4.8399999999999984e-05,1.0
528,-0.5749999999999998,1.0,-4.3900000000000044e-05,1.0
529,-0.55,1.0,-4.233299999999999e-05,1.0
530,-0.5249999999999999,1.0,-3.9949999999999975e-05,1.0
531,-0.5,1.0,-3.6933e-05,1.0
532,-0.475,1.0,-3.4666999999999985e-05,1.0
533,-0.4499999999999999,1.0,-3.299999999999997e-05,1.0
534,-0.425,1.0,-3.0417000000000014e-05,1.0
535,-0.4,1.0,-2.9232999999999976e-05,1.0
536,-0.3750000000000001,1.0,-2.7350000000000007e-05,1.0
537,-0.3500000000000001,1.0,-2.496699999999997e-05,1.0
538,-0.325,1.0,-2.269999999999999e-05,1.0
539,-0.3,1.0,-1.9699999999999974e-05,1.0
540,-0.275,1.0,-1.703299999999999e-05,1.0
541,-0.2499999999999999,1.0,-1.4767e-05,1.0
542,-0.22499999999999995,1.0,-1.295e-05,1.0
543,-0.2,1.0,-1.1306999999999975e-05,1.0
544,-0.17500000000000004,1.0,-9.558300000000017e-06,1.0
545,-0.15000000000000008,1.0,-7.750000000000005e-06,1.0
546,-0.12499999999999994,1.0,-6.666700000000006e-06,1.0
547,-0.09999999999999984,1.0,-5.496699999999994e-06,1.0
548,-0.07500000000000004,1.0,-4.194999999999997e-06,1.0
549,-0.049999999999999926,1.0,-2.890000000000003e-06,1.0
550,-0.025000000000000112,1.0,-1.5832e-06,1.0
551,0.0,1.0,1.510000000000001e-07,1.0
552,0.0,1.0,1.510000000000001e-07,1.0
553,0.0,1.0,1.510000000000001e-07,1.0
554,0.0,1.0,1.510000000000001e-07,1.0
555,0.0,1.0,1.510000000000001e-07,1.0
556,0.0,1.0,1.510000000000001e-07,1.0
557,0.0,1.0,1.510000000000001e-07,1.0
558,0.0,1.0,1.510000000000001e-07,1.0
559,0.0,1.0,1.510000000000001e-07,1.0
560,0.0,1.0,1.510000000000001e-07,1.0
561,0.0,1.0,1.510000000000001e-07,1.0
562,0.0,1.0,1.510000000000001e-07,1.0
563,0.0,1.0,1.510000000000001e-07,1.0
564,0.0,1.0,1.510000000000001e-07,1.0
565,0.0,1.0,1.510000000000001e-07,1.0
566,0.0,1.0,1.510000000000001e-07,1.0
567,0.0,1.0,1.510000000000001e-07,1.0
568,0.0,1.0,1.510000000000001e-07,1.0
569,0.0,1.0,1.510000000000001e-07,1.0
570,0.0,1.0,1.510000000000001e-07,1.0
571,0.0,1.0,1.510000000000001e-07,1.0
572,0.0,1.0,1.510000000000001e-07,1.0
573,0.0,1.0,1.510000000000001e-07,1.0
574,0.0,1.0,1.510000000000001e-07,1.0
575,0.0,1.0,1.510000000000001e-07,1.0
576,0.0,1.0,1.510000000000001e-07,1.0
577,-0.025000000000000112,1.0,-1.5832e-06,1.0
578,-0.049999999999999926,1.0,-2.890000000000003e-06,1.0
579,-0.07500000000000004,1.0,-4.194999999999997e-06,1.0
580,-0.09999999999999984,1.0,-5.496699999999994e-06,1.0
581,-0.12499999999999994,1.0,-6.666700000000006e-06,1.0
582,-0.15000000000000008,1.0,-7.750000000000005e-06,1.0
583,-0.17500000000000004,1.0,-9.558300000000017e-06,1.0
584,-0.2,1.0,-1.1306999999999975e-05,1.0
585,-0.22499999999999995,1.0,-1.295e-05,1.0
586,-0.2499999999999999,1.0,-1.4767e-05,1.0
587,-0.275,1.0,-1.703299999999999e-05,1.0
588,-0.3,1.0,-1.9699999999999974e-05,1.0
589,-0.325,1.0,-2.269999999999999e-05,1.0
590,-0.3500000000000001,1.0,-2.496699999999997e-05,1.0
591,-0.3750000000000001,1.0,-2.7350000000000007e-05,1.0
592,-0.4,1.0,-2.9232999999999976e-05,1.0
593,-0.425,1.0,-3.0417000000000014e-05,1.0
594,-0.4499999999999999,1.0,-3.299999999999997e-05,1.0
595,-0.475,1.0,-3.4666999999999985e-05,1.0
596,-0.5,1.0,-3.6933e-05,1.0
597,-0.5249999999999999,1.0,-3.9949999999999975e-05,1.0
598,-0.55,1.0,-4.233299999999999e-05,1.0
599,-0.5749999999999998,1.0,-4.3900000000000044e-05,1.0
600,-0.6,1.0,-4.8399999999999984e-05,1.0
601,-0.625,1.0,-5.0232999999999985e-05,1.0
602,-0.6499999999999999,1.0,-5.226700000000005e-05,1.0
603,-0.675,1.0,-5.334999999999997e-05,1.0
604,-0.7,1.0,-5.486699999999999e-05,1.0
605,-0.725,1.0,-5.7949999999999986e-05,1.0
606,-0.7500000000000001,1.0,-6.0699999999999985e-05,1.0
607,-0.775,1.0,-6.019999999999997e-05,1.0
608,-0.8,1.0,-6.356699999999997e-05,1.0
609,-0.825,1.0,-6.564999999999997e-05,1.0
610,-0.85,1.0,-6.750000000000006e-05,1.0
611,-0.875,1.0,-7.108300000000005e-05,1.0
612,-0.9,1.0,-7.400000000000001e-05,1.0
613,-0.9250000000000002,1.0,-7.724999999999998e-05,1.0
614,-0.95,1.0,-7.883300000000002e-05,1.0
615,-0.975,1.0,-8.140000000000007e-05,1.0
616,-1.0,1.0,-8.450000000000006e-05,1.0
617,-1.025,1.0,-8.718299999999991e-05,1.0
618,-1.05,1.0,-9.059999999999991e-05,1.0
619,-1.075,1.0,-9.41e-05,1.0
620,-1.1,1.0,-9.779999999999991e-05,1.0
621,-1.125,1.0,-0.00010215000000000003,1.0
622,-1.15,1.0,-0.00010667000000000003,1.0
623,-1.175,1.0,-0.00011066999999999998,1.0
624,-1.2,1.0,-0.00011400000000000005,1.0
625,-1.225,1.0,-0.00011899999999999995,1.0
626,-1.25,1.0,-0.00012533000000000002,1.0
627,-1.275,1.0,-0.0001325,1.0
628,-1.3,1.0,-0.00013767000000000006,1.0
629,-1.325,1.0,-0.00014000000000000004,1.0
630,-1.35,1.0,-0.00014499999999999995,1.0
631,-1.3749999999999998,1.0,-0.00014583,1.0
632,-1.4,1.0,-0.000154,1.0
633,-1.425,1.0,-0.00015649999999999993,1.0
634,-1.45,1.0,-0.00015667000000000008,1.0
635,-1.475,1.0,-0.00016550000000000004,1.0
636,-1.5000000000000002,1.0,-0.00019300000000000008,1.0
637,-1.5000000000000002,1.0,-0.00019300000000000008,1.0
638,-1.5000000000000002,1.0,-0.00019300000000000008,1.0
639,-1.5000000000000002,1.0,-0.00019300000000000008,1.0
640,-1.5000000000000002,1.0,-0.00019300000000000008,1.0
641,-1.5000000000000002,1.0,-0.00019300000000000008,1.0
642,-1.5000000000000002,1.0,-0.00019300000000000008,1.0
643,-1.5000000000000002,1.0,-0.00019300000000000008,1.0
644,-1.5000000000000002,1.0,-0.00019300000000000008,1.0
645,-1.5000000000000002,1.0,-0.00019300000000000008,1.0
646,-1.5000000000000002,1.0,-0.00019300000000000008,1.0
647,-1.5000000000000002,1.0,-0.00019300000000000008,1.0
648,-1.5000000000000002,1.0,-0.00019300000000000008,1.0
649,-1.5000000000000002,1.0,-0.00019300000000000008,1.0
650,-1.5000000000000002,1.0,-0.00019300000000000008,1.0
651,-1.5000000000000002,1.0,-0.00019300000000000008,1.0
652,-1.5000000000000002,1.0,-0.00019300000000000008,1.0
653,-1.5000000000000002,1.0,-0.00019300000000000008,1.0
654,-1.5000000000000002,1.0,-0.00019300000000000008,1.0
655,-1.5000000000000002,1.0,-0.00019300000000000008,1.0
656,-1.5000000000000002,1.0,-0.00019300000000000008,1.0
657,-1.5000000000000002,1.0,-0.00019300000000000008,1.0
658,-1.5000000000000002,1.0,-0.00019300000000000008,1.0
659,-1.5000000000000002,1.0,-0.00019300000000000008,1.0
660,-1.5000000000000002,1.0,-0.00019300000000000008,1.0
661,-1.5000000000000002,1.0,-0.00019300000000000008,1.0
662,-1.475,1.0,-0.00016550000000000004,1.0
663,-1.45,1.0,-0.00015667000000000008,1.0
664,-1.425,1.0,-0.00015649999999999993,1.0
665,-1.4,1.0,-0.000154,1.0
666,-1.3749999999999998,1.0,-0.00014583,1.0
667,-1.35,1.0,-0.00014499999999999995,1.0
668,-1.325,1.0,-0.00014000000000000004,1.0
669,-1.3,1.0,-0.00013767000000000006,1.0
670,-1.275,1.0,-0.0001325,1.0
671,-1.25,1.0,-0.00012533000000000002,1.0
672,-1.225,1.0,-0.00011899999999999995,1.0
673,-1.2,1.0,-0.00011400000000000005,1.0
674,-1.175,1.0,-0.00011066999999999998,1.0
675,-1.15,1.0,-0.00010667000000000003,1.0
676,-1.125,1.0,-0.00010215000000000003,1.0
677,-1.1,1.0,-9.779999999999991e-05,1.0
678,-1.075,1.0,-9.41e-05,1.0
679,-1.05,1.0,-9.059999999999991e-05,1.0
680,-1.025,1.0,-8.718299999999991e-05,1.0
681,-1.0,1.0,-8.450000000000006e-05,1.0
682,-0.975,1.0,-8.140000000000007e-05,1.0
683,-0.95,1.0,-7.883300000000002e-05,1.0
684,-0.9250000000000002,1.0,-7.724999999999998e-05,1.0
685,-0.9,1.0,-7.400000000000001e-05,1.0
686,-0.875,1.0,-7.108300000000005e-05,1.0
687,-0.85,1.0,-6.750000000000006e-05,1.0
688,-0.825,1.0,-6.564999999999997e-05,1.0
689,-0.8,1.0,-6.356699999999997e-05,1.0
690,-0.775,1.0,-6.019999999999997e-05,1.0
691,-0.7500000000000001,1.0,-6.0699999999999985e-05,1.0
692,-0.725,1.0,-5.7949999999999986e-05,1.0
693,-0.7,1.0,-5.486699999999999e-05,1.0
694,-0.675,1.0,-5.334999999999997e-05,1.0
695,-0.6499999999999999,1.0,-5.226700000000005e-05,1.0
696,-0.625,1.0,-5.0232999999999985e-05,1.0
697,-0.6,1.0,-4.8399999999999984e-05,1.0
698,-0.5749999999999998,1.0,-4.3900000000000044e-05,1.0
699,-0.55,1.0,-4.233299999999999e-05,1.0
700,-0.5249999999999999,1.0,-3.9949999999999975e-05,1.0
701,-0.5,1.0,-3.6933e-05,1.0
702,-0.475,1.0,-3.4666999999999985e-05,1.0
703,-0.4499999999999999,1.0,-3.299999999999997e-05,1.0
704,-0.425,1.0,-3.0417000000000014e-05,1.0
705,-0.4,1.0,-2.9232999999999976e-05,1.0
706,-0.3750000000000001,1.0,-2.7350000000000007e-05,1.0
707,-0.3500000000000001,1.0,-2.496699999999997e-05,1.0
708,-0.325,1.0,-2.269999999999999e-05,1.0
709,-0.3,1.0,-1.9699999999999974e-05,1.0
710,-0.275,1.0,-1.703299999999999e-05,1.0
711,-0.2499999999999999,1.0,-1.4767e-05,1.0
712,-0.22499999999999995,1.0,-1.295e-05,1.0
713,-0.2,1.0,-1.1306999999999975e-05,1.0
714,-0.17500000000000004,1.0,-9.558300000000017e-06,1.0
715,-0.15000000000000008,1.0,-7.750000000000005e-06,1.0
716,-0.12499999999999994,1.0,-6.666700000000006e-06,1.0
717,-0.09999999999999984,1.0,-5.496699999999994e-06,1.0
718,-0.07500000000000004,1.0,-4.194999999999997e-06,1.0
719,-0.049999999999999926,1.0,-2.890000000000003e-06,1.0
720,-0.025000000000000112,1.0,-1.5832e-06,1.0
721,0.0,1.0,1.510000000000001e-07,1.0
722,0.0,1.0,1.510000000000001e-07,1.0
723,0.0,1.0,1.510000000000001e-07,1.0
724,0.0,1.0,1.510000000000001e-07,1.0
725,0.0,1.0,1.510000000000001e-07,1.0
726,0.0,1.0,1.510000000000001e-07,1.0
727,0.0,1.0,1.510000000000001e-07,1.0
728,0.0,1.0,1.510000000000001e-07,1.0
729,0.0,1.0,1.510000000000001e-07,1.0
730,0.0,1.0,1.510000000000001e-07,1.0
731,0.0,1.0,1.510000000000001e-07,1.0
732,0.0,1.0,1.510000000000001e-07,1.0
733,0.0,1.0,1.510000000000001e-07,1.0
734,0.0,1.0,1.510000000000001e-07,1.0
735,0.0,1.0,1.510000000000001e-07,1.0
736,0.0,1.0,1.510000000000001e-07,1.0
737,0.0,1.0,1.510000000000001e-07,1.0
738,0.0,1.0,1.510000000000001e-07,1.0
739,0.0,1.0,1.510000000000001e-07,1.0
740,0.0,1.0,1.510000000000001e-07,1.0
741,0.0,1.0,1.510000000000001e-07,1.0
742,0.0,1.0,1.510000000000001e-07,1.0
743,0.0,1.0,1.510000000000001e-07,1.0
744,0.0,1.0,1.510000000000001e-07,1.0
745,0.0,1.0,1.510000000000001e-07,1.0
746,0.0,1.0,1.510000000000001e-07,1.0
747,0.025000000000000112,1.0,1.2300000000000003e-06,1.0
748,0.049999999999999926,1.0,2.4817000000000007e-06,1.0
749,0.07500000000000004,1.0,3.7588000000000016e-06,1.0
750,0.09999999999999984,1.0,5.088300000000006e-06,1.0
751,0.12499999999999994,1.0,6.473800000000002e-06,1.0
752,0.15000000000000008,1.0,7.917500000000003e-06,1.0
753,0.17499999999999988,1.0,9.30830000000001e-06,1.0
754,0.2,1.0,1.0867000000000003e-05,1.0
755,0.2250000000000001,1.0,1.2338000000000005e-05,1.0
756,0.2499999999999999,1.0,1.3775000000000006e-05,1.0
757,0.275,1.0,1.5642000000000007e-05,1.0
758,0.30000000000000016,1.0,1.735000000000001e-05,1.0
759,0.325,1.0,1.9382999999999987e-05,1.0
760,0.3500000000000001,1.0,2.5024999999999968e-05,1.0
761,0.3749999999999999,1.0,2.5336999999999985e-05,1.0
762,0.4,1.0,2.9699999999999993e-05,1.0
763,0.4250000000000001,1.0,3.280000000000001e-05,1.0
764,0.4499999999999999,1.0,3.512499999999998e-05,1.0
765,0.475,1.0,3.7720999999999966e-05,1.0
766,0.4999999999999998,1.0,4.019999999999998e-05,1.0
767,0.4999999999999998,1.0,4.019999999999998e-05,1.0
768,0.4999999999999998,1.0,4.019999999999998e-05,1.0
769,0.4999999999999998,1.0,4.019999999999998e-05,1.0
770,0.4999999999999998,1.0,4.019999999999998e-05,1.0
771,0.4999999999999998,1.0,4.019999999999998e-05,1.0
772,0.4999999999999998,1.0,4.019999999999998e-05,1.0
773,0.4999999999999998,1.0,4.019999999999998e-05,1.0
774,0.4999999999999998,1.0,4.019999999999998e-05,1.0
775,0.4999999999999998,1.0,4.019999999999998e-05,1.0
776,0.4999999999999998,1.0,4.019999999999998e-05,1.0
777,0.4999999999999998,1.0,4.019999999999998e-05,1.0
778,0.4999999999999998,1.0,4.019999999999998e-05,1.0
779,0.4999999999999998,1.0,4.019999999999998e-05,1.0
780,0.4999999999999998,1.0,4.019999999999998e-05,1.0
781,0.4999999999999998,1.0,4.019999999999998e-05,1.0
782,0.4999999999999998,1.0,4.019999999999998e-05,1.0
783,0.4999999999999998,1.0,4.019999999999998e-05,1.0
784,0.4999999999999998,1.0,4.019999999999998e-05,1.0
785,0.4999999999999998,1.0,4.019999999999998e-05,1.0
786,0.4999999999999998,1.0,4.019999999999998e-05,1.0
787,0.4999999999999998,1.0,4.019999999999998e-05,1.0
788,0.4999999999999998,1.0,4.019999999999998e-05,1.0
789,0.4999999999999998,1.0,4.019999999999998e-05,1.0
790,0.4999999999999998,1.0,4.019999999999998e-05,1.0
791,0.4999999999999998,1.0,4.019999999999998e-05,1.0
792,0.475,1.0,3.7720999999999966e-05,1.0
793,0.4499999999999999,1.0,3.512499999999998e-05,1.0
794,0.4250000000000001,1.0,3.280000000000001e-05,1.0
795,0.4,1.0,2.9699999999999993e-05,1.0
796,0.3749999999999999,1.0,2.5336999999999985e-05,1.0
797,0.3500000000000001,1.0,2.5024999999999968e-05,1.0
798,0.325,1.0,1.9382999999999987e-05,1.0
799,0.30000000000000016,1.0,1.735000000000001e-05,1.0
800,0.275,1.0,1.5642000000000007e-05,1.0
801,0.2499999999999999,1.0,1.3775000000000006e-05,1.0
802,0.2250000000000001,1.0,1.2338000000000005e-05,1.0
803,0.2,1.0,1.0867000000000003e-05,1.0
804,0.17499999999999988,1.0,9.30830000000001e-06,1.0
805,0.15000000000000008,1.0,7.917500000000003e-06,1.0
806,0.12499999999999994,1.0,6.473800000000002e-06,1.0
807,0.09999999999999984,1.0,5.088300000000006e-06,1.0
808,0.07500000000000004,1.0,3.7588000000000016e-06,1.0
809,0.049999999999999926,1.0,2.4817000000000007e-06,1.0
810,0.025000000000000112,1.0,1.2300000000000003e-06,1.0
811,0.0,1.0,1.510000000000001e-07,1.0
